
{
  "header": {
    "reportVersion": 2,
    "event": "Allocation failed - JavaScript heap out of memory",
    "trigger": "FatalError",
    "filename": "report.20201204.012606.15788.0.001.json",
    "dumpEventTime": "2020-12-04T01:26:06Z",
    "dumpEventTimeStamp": "1607012766375",
    "processId": 15788,
    "threadId": null,
    "cwd": "C:\\201129_jwpark\\services",
    "commandLine": [
      "C:\\Program Files\\nodejs\\node.exe",
      "C:\\201129_jwpark\\services\\node_modules\\.bin\\\\..\\ts-node-dev\\lib\\bin.js",
      "--respawn",
      "index.dev.ts"
    ],
    "nodejsVersion": "v12.16.3",
    "wordSize": 64,
    "arch": "x64",
    "platform": "win32",
    "componentVersions": {
      "node": "12.16.3",
      "v8": "7.8.279.23-node.35",
      "uv": "1.34.2",
      "zlib": "1.2.11",
      "brotli": "1.0.7",
      "ares": "1.16.0",
      "modules": "72",
      "nghttp2": "1.40.0",
      "napi": "5",
      "llhttp": "2.0.4",
      "http_parser": "2.9.3",
      "openssl": "1.1.1g",
      "cldr": "36.0",
      "icu": "65.1",
      "tz": "2019c",
      "unicode": "12.1"
    },
    "release": {
      "name": "node",
      "lts": "Erbium",
      "headersUrl": "https://nodejs.org/download/release/v12.16.3/node-v12.16.3-headers.tar.gz",
      "sourceUrl": "https://nodejs.org/download/release/v12.16.3/node-v12.16.3.tar.gz",
      "libUrl": "https://nodejs.org/download/release/v12.16.3/win-x64/node.lib"
    },
    "osName": "Windows_NT",
    "osRelease": "10.0.19041",
    "osVersion": "Windows 10 Home",
    "osMachine": "x86_64",
    "cpus": [
      {
        "model": "Intel(R) Core(TM) i7-7500U CPU @ 2.70GHz",
        "speed": 2904,
        "user": 8513109,
        "nice": 0,
        "sys": 6242031,
        "idle": 50765968,
        "irq": 798953
      },
      {
        "model": "Intel(R) Core(TM) i7-7500U CPU @ 2.70GHz",
        "speed": 2904,
        "user": 6972578,
        "nice": 0,
        "sys": 4699718,
        "idle": 53848671,
        "irq": 106265
      },
      {
        "model": "Intel(R) Core(TM) i7-7500U CPU @ 2.70GHz",
        "speed": 2904,
        "user": 9797500,
        "nice": 0,
        "sys": 5760046,
        "idle": 49963421,
        "irq": 68968
      },
      {
        "model": "Intel(R) Core(TM) i7-7500U CPU @ 2.70GHz",
        "speed": 2904,
        "user": 8681000,
        "nice": 0,
        "sys": 5215125,
        "idle": 51624843,
        "irq": 53968
      }
    ],
    "networkInterfaces": [
      {
        "name": "Wi-Fi",
        "internal": false,
        "mac": "3c:a0:67:b7:9c:c5",
        "address": "fe80::e463:3999:7bf7:361b",
        "netmask": "ffff:ffff:ffff:ffff::",
        "family": "IPv6",
        "scopeid": 17
      },
      {
        "name": "Wi-Fi",
        "internal": false,
        "mac": "3c:a0:67:b7:9c:c5",
        "address": "172.30.1.6",
        "netmask": "255.255.255.0",
        "family": "IPv4"
      },
      {
        "name": "Loopback Pseudo-Interface 1",
        "internal": true,
        "mac": "00:00:00:00:00:00",
        "address": "::1",
        "netmask": "ffff:ffff:ffff:ffff:ffff:ffff:ffff:ffff",
        "family": "IPv6",
        "scopeid": 0
      },
      {
        "name": "Loopback Pseudo-Interface 1",
        "internal": true,
        "mac": "00:00:00:00:00:00",
        "address": "127.0.0.1",
        "netmask": "255.0.0.0",
        "family": "IPv4"
      }
    ],
    "host": "DESKTOP-0TH5MG5"
  },
  "javascriptStack": {
    "message": "No stack.",
    "stack": [
      "Unavailable."
    ]
  },
  "nativeStack": [
    {
      "pc": "0x00007ff781b32449",
      "symbol": "std::basic_ostream<char,std::char_traits<char> >::operator<<+11577"
    },
    {
      "pc": "0x00007ff781b369a9",
      "symbol": "std::basic_ostream<char,std::char_traits<char> >::operator<<+29337"
    },
    {
      "pc": "0x00007ff781b35828",
      "symbol": "std::basic_ostream<char,std::char_traits<char> >::operator<<+24856"
    },
    {
      "pc": "0x00007ff781c6d8c2",
      "symbol": "v8::base::CPU::has_sse+68658"
    },
    {
      "pc": "0x00007ff782489bbe",
      "symbol": "v8::Isolate::ReportExternalAllocationLimitReached+94"
    },
    {
      "pc": "0x00007ff782471c91",
      "symbol": "v8::SharedArrayBuffer::Externalize+833"
    },
    {
      "pc": "0x00007ff78233e1ec",
      "symbol": "v8::internal::Heap::EphemeronKeyWriteBarrierFromCode+1436"
    },
    {
      "pc": "0x00007ff782349420",
      "symbol": "v8::internal::Heap::ProtectUnprotectedMemoryChunks+1312"
    },
    {
      "pc": "0x00007ff782345f44",
      "symbol": "v8::internal::Heap::PageFlagsAreConsistent+3204"
    },
    {
      "pc": "0x00007ff78233b743",
      "symbol": "v8::internal::Heap::CollectGarbage+1283"
    },
    {
      "pc": "0x00007ff782339db4",
      "symbol": "v8::internal::Heap::AddRetainedMap+2452"
    },
    {
      "pc": "0x00007ff78235afbd",
      "symbol": "v8::internal::Factory::NewFillerObject+61"
    },
    {
      "pc": "0x00007ff7820c1871",
      "symbol": "v8::internal::interpreter::JumpTableTargetOffsets::iterator::operator=+1665"
    },
    {
      "pc": "0x00007ff7828d6c4d",
      "symbol": "v8::internal::SetupIsolateDelegate::SetupHeap+546637"
    },
    {
      "pc": "0x00000110c1b27472",
      "symbol": ""
    }
  ],
  "javascriptHeap": {
    "totalMemory": 2160029696,
    "totalCommittedMemory": 2160029696,
    "usedMemory": 2145161152,
    "availableMemory": 47798864,
    "memoryLimit": 2197815296,
    "heapSpaces": {
      "read_only_space": {
        "memorySize": 262144,
        "committedMemory": 262144,
        "capacity": 32808,
        "used": 32808,
        "available": 0
      },
      "new_space": {
        "memorySize": 4194304,
        "committedMemory": 4194304,
        "capacity": 2094912,
        "used": 330568,
        "available": 1764344
      },
      "old_space": {
        "memorySize": 2047750144,
        "committedMemory": 2047750144,
        "capacity": 2044660656,
        "used": 2038506648,
        "available": 6154008
      },
      "code_space": {
        "memorySize": 3313664,
        "committedMemory": 3313664,
        "capacity": 2674752,
        "used": 2674752,
        "available": 0
      },
      "map_space": {
        "memorySize": 1052672,
        "committedMemory": 1052672,
        "capacity": 635200,
        "used": 635200,
        "available": 0
      },
      "large_object_space": {
        "memorySize": 103407616,
        "committedMemory": 103407616,
        "capacity": 102978392,
        "used": 102978392,
        "available": 0
      },
      "code_large_object_space": {
        "memorySize": 49152,
        "committedMemory": 49152,
        "capacity": 2784,
        "used": 2784,
        "available": 0
      },
      "new_large_object_space": {
        "memorySize": 0,
        "committedMemory": 0,
        "capacity": 2094912,
        "used": 0,
        "available": 2094912
      }
    }
  },
  "resourceUsage": {
    "userCpuSeconds": 175.89,
    "kernelCpuSeconds": 10.25,
    "cpuConsumptionPercent": 13.3052,
    "maxRss": 2263478272,
    "pageFaults": {
      "IORequired": 1097790,
      "IONotRequired": 0
    },
    "fsActivity": {
      "reads": 181587,
      "writes": 147
    }
  },
  "libuv": [
  ],
  "workers": [
  ],
  "environmentVariables": {
    "=C:": "C:\\201129_jwpark\\services",
    "ALLUSERSPROFILE": "C:\\ProgramData",
    "APPDATA": "C:\\Users\\with3\\AppData\\Roaming",
    "CommonProgramFiles": "C:\\Program Files\\Common Files",
    "CommonProgramFiles(x86)": "C:\\Program Files (x86)\\Common Files",
    "CommonProgramW6432": "C:\\Program Files\\Common Files",
    "COMPUTERNAME": "DESKTOP-0TH5MG5",
    "ComSpec": "C:\\WINDOWS\\system32\\cmd.exe",
    "dp0": "C:\\Users\\with3\\AppData\\Roaming\\npm\\",
    "DriverData": "C:\\Windows\\System32\\Drivers\\DriverData",
    "HOMEDRIVE": "C:",
    "HOMEPATH": "\\Users\\with3",
    "INIT_CWD": "C:\\201129_jwpark\\services",
    "LOCALAPPDATA": "C:\\Users\\with3\\AppData\\Local",
    "LOGONSERVER": "\\\\DESKTOP-0TH5MG5",
    "NODE": "C:\\Program Files\\nodejs\\node.exe",
    "npm_config_argv": "{\"remain\":[],\"cooked\":[\"run\",\"watch\"],\"original\":[\"watch\"]}",
    "npm_config_bin_links": "true",
    "npm_config_ignore_optional": "",
    "npm_config_ignore_scripts": "",
    "npm_config_init_license": "MIT",
    "npm_config_init_version": "1.0.0",
    "npm_config_registry": "https://registry.yarnpkg.com",
    "npm_config_save_prefix": "^",
    "npm_config_strict_ssl": "true",
    "npm_config_user_agent": "yarn/1.22.4 npm/? node/v12.16.3 win32 x64",
    "npm_config_version_commit_hooks": "true",
    "npm_config_version_git_message": "v%s",
    "npm_config_version_git_sign": "",
    "npm_config_version_git_tag": "true",
    "npm_config_version_tag_prefix": "v",
    "npm_execpath": "C:\\Users\\with3\\AppData\\Roaming\\npm\\node_modules\\yarn\\bin\\yarn.js",
    "npm_lifecycle_event": "watch",
    "npm_lifecycle_script": "ts-node-dev --respawn index.dev.ts",
    "npm_node_execpath": "C:\\Program Files\\nodejs\\node.exe",
    "npm_package_dependencies_apollo_server": "2.9.12",
    "npm_package_dependencies_apollo_server_express": "2.9.12",
    "npm_package_dependencies_body_parser": "^1.19.0",
    "npm_package_dependencies_cors": "^2.8.5",
    "npm_package_dependencies_dotenv": "^8.2.0",
    "npm_package_dependencies_express": "^4.17.1",
    "npm_package_dependencies_mysql2": "2.0.1",
    "npm_package_dependencies_reflect_metadata": "^0.1.13",
    "npm_package_dependencies_sequelize": "5.21.2",
    "npm_package_dependencies_sequelize_cli": "5.5.1",
    "npm_package_dependencies_sequelize_typescript": "1.0.0",
    "npm_package_devDependencies_module_alias": "^2.2.2",
    "npm_package_devDependencies_ts_node_dev": "^1.0.0",
    "npm_package_devDependencies_typescript": "~3.7.2",
    "npm_package_devDependencies__types_node": "~12.12.14",
    "npm_package_license": "MIT",
    "npm_package_main": "index.js",
    "npm_package_name": "graphql-sequelize-demo-services",
    "npm_package_scripts_db_migrate": "sequelize db:migrate",
    "npm_package_scripts_db_migrate_undo": "sequelize db:migrate:undo",
    "npm_package_scripts_watch": "ts-node-dev --respawn index.dev.ts",
    "npm_package_version": "1.0.0",
    "NUMBER_OF_PROCESSORS": "4",
    "OneDrive": "C:\\Users\\with3\\OneDrive",
    "OneDriveConsumer": "C:\\Users\\with3\\OneDrive",
    "OS": "Windows_NT",
    "Path": "C:\\Users\\with3\\AppData\\Local\\Temp\\yarn--1607011367172-0.67776595210018;C:\\201129_jwpark\\services\\node_modules\\.bin;C:\\Users\\with3\\AppData\\Local\\Yarn\\Data\\link\\node_modules\\.bin;C:\\Users\\with3\\AppData\\Local\\Yarn\\bin;C:\\Program Files\\libexec\\lib\\node_modules\\npm\\bin\\node-gyp-bin;C:\\Program Files\\lib\\node_modules\\npm\\bin\\node-gyp-bin;C:\\Program Files\\nodejs\\node_modules\\npm\\bin\\node-gyp-bin;C:\\Program Files\\MySQL\\MySQL Server 8.0\\bin;C:\\WINDOWS\\system32;C:\\WINDOWS;C:\\WINDOWS\\System32\\Wbem;C:\\WINDOWS\\System32\\WindowsPowerShell\\v1.0\\;C:\\WINDOWS\\System32\\OpenSSH\\;C:\\Program Files (x86)\\NVIDIA Corporation\\PhysX\\Common;C:\\Program Files\\nodejs\\;C:\\Program Files\\Git\\cmd;C:\\WINDOWS\\system32;C:\\WINDOWS;C:\\WINDOWS\\System32\\Wbem;C:\\WINDOWS\\System32\\WindowsPowerShell\\v1.0\\;C:\\WINDOWS\\System32\\OpenSSH\\;C:\\Users\\with3\\AppData\\Local\\Programs\\Python\\Python38\\Scripts\\;C:\\Users\\with3\\AppData\\Local\\Programs\\Python\\Python38\\;C:\\Users\\with3\\AppData\\Local\\Microsoft\\WindowsApps;C:\\Users\\with3\\AppData\\Local\\Programs\\Microsoft VS Code\\bin;C:\\Users\\with3\\AppData\\Roaming\\npm;",
    "PATHEXT": ".COM;.EXE;.BAT;.CMD;.VBS;.VBE;.JSE;.WSF;.WSH;.MSC",
    "PROCESSOR_ARCHITECTURE": "AMD64",
    "PROCESSOR_IDENTIFIER": "Intel64 Family 6 Model 142 Stepping 9, GenuineIntel",
    "PROCESSOR_LEVEL": "6",
    "PROCESSOR_REVISION": "8e09",
    "ProgramData": "C:\\ProgramData",
    "ProgramFiles": "C:\\Program Files",
    "ProgramFiles(x86)": "C:\\Program Files (x86)",
    "ProgramW6432": "C:\\Program Files",
    "PROMPT": "$P$G",
    "PSModulePath": "C:\\Program Files\\WindowsPowerShell\\Modules;C:\\WINDOWS\\system32\\WindowsPowerShell\\v1.0\\Modules",
    "PUBLIC": "C:\\Users\\Public",
    "SystemDrive": "C:",
    "SystemRoot": "C:\\WINDOWS",
    "TEMP": "C:\\Users\\with3\\AppData\\Local\\Temp",
    "TMP": "C:\\Users\\with3\\AppData\\Local\\Temp",
    "USERDOMAIN": "DESKTOP-0TH5MG5",
    "USERDOMAIN_ROAMINGPROFILE": "DESKTOP-0TH5MG5",
    "USERNAME": "with3",
    "USERPROFILE": "C:\\Users\\with3",
    "windir": "C:\\WINDOWS",
    "YARN_WRAP_OUTPUT": "false",
    "_prog": "node"
  },
  "sharedObjects": [
    "C:\\Program Files\\nodejs\\node.exe",
    "C:\\WINDOWS\\SYSTEM32\\ntdll.dll",
    "C:\\WINDOWS\\System32\\KERNEL32.DLL",
    "C:\\WINDOWS\\System32\\KERNELBASE.dll",
    "C:\\WINDOWS\\System32\\WS2_32.dll",
    "C:\\WINDOWS\\System32\\RPCRT4.dll",
    "C:\\WINDOWS\\System32\\PSAPI.DLL",
    "C:\\WINDOWS\\System32\\ADVAPI32.dll",
    "C:\\WINDOWS\\System32\\msvcrt.dll",
    "C:\\WINDOWS\\System32\\sechost.dll",
    "C:\\WINDOWS\\System32\\USER32.dll",
    "C:\\WINDOWS\\System32\\win32u.dll",
    "C:\\WINDOWS\\System32\\GDI32.dll",
    "C:\\WINDOWS\\System32\\gdi32full.dll",
    "C:\\WINDOWS\\System32\\msvcp_win.dll",
    "C:\\WINDOWS\\System32\\ucrtbase.dll",
    "C:\\WINDOWS\\System32\\CRYPT32.dll",
    "C:\\WINDOWS\\System32\\bcrypt.dll",
    "C:\\WINDOWS\\SYSTEM32\\dbghelp.dll",
    "C:\\WINDOWS\\SYSTEM32\\IPHLPAPI.DLL",
    "C:\\WINDOWS\\SYSTEM32\\USERENV.dll",
    "C:\\WINDOWS\\SYSTEM32\\WINMM.dll",
    "C:\\WINDOWS\\System32\\IMM32.DLL",
    "C:\\WINDOWS\\SYSTEM32\\powrprof.dll",
    "C:\\WINDOWS\\SYSTEM32\\UMPDC.dll",
    "C:\\WINDOWS\\SYSTEM32\\CRYPTBASE.DLL",
    "C:\\WINDOWS\\system32\\uxtheme.dll",
    "C:\\WINDOWS\\System32\\combase.dll",
    "C:\\WINDOWS\\system32\\mswsock.dll",
    "C:\\WINDOWS\\SYSTEM32\\kernel.appcore.dll",
    "C:\\WINDOWS\\System32\\bcryptprimitives.dll",
    "C:\\WINDOWS\\System32\\NSI.dll",
    "C:\\WINDOWS\\SYSTEM32\\dhcpcsvc6.DLL",
    "C:\\WINDOWS\\SYSTEM32\\dhcpcsvc.DLL",
    "C:\\WINDOWS\\SYSTEM32\\DNSAPI.dll",
    "C:\\WINDOWS\\system32\\napinsp.dll",
    "C:\\WINDOWS\\system32\\pnrpnsp.dll",
    "C:\\WINDOWS\\system32\\wshbth.dll",
    "C:\\WINDOWS\\system32\\NLAapi.dll",
    "C:\\WINDOWS\\System32\\winrnr.dll"
  ]
}